titles,links,time,media
朱立倫：國民黨會反省 勿讓怨氣變成台灣的出氣筒,https://www.chinatimes.com/realtimenews/20160115006091-260401,23:252016/01/15,China Times
溫情喊話 朱立倫：可以不滿我 不能拿台灣出氣,https://www.chinatimes.com/realtimenews/20160115002799-260401,10:562016/01/15,China Times
大選到數 洪秀柱挺朱立倫：這票不投 我心淌血,,04:102016/01/15,China Times
《電腦設備》選前最後交易日，倫飛振翅想飛,https://www.chinatimes.com/realtimenews/20160115003164-260410,11:362016/01/15,China Times
台灣人民生活水深火熱？ 馬：小英失言了,https://www.chinatimes.com/realtimenews/20160115005447-260401,19:182016/01/15,China Times
連戰：綠若完全執政 將變「綠色巨獸」,https://www.chinatimes.com/realtimenews/20160115005596-260407,20:042016/01/15,China Times
訴求泛藍團結 朱喊話：選後找回親民黨和新黨,https://www.chinatimes.com/realtimenews/20160115006019-260401,22:092016/01/15,China Times
選前中台造勢 馬英九鞠躬坦承施政不周延,https://www.chinatimes.com/realtimenews/20160115005813-260407,21:172016/01/15,China Times
po文挺朱 馬：所有批評我願意負擔,https://www.chinatimes.com/realtimenews/20160115002723-260401,10:462016/01/15,China Times
《時報周刊》蔡朱宋齊籲團結 大選過後 2016台灣和解元年,https://www.chinatimes.com/realtimenews/20160115002822-260407,11:032016/01/15,China Times
選前之夜造勢晚會 朱馬合體連趕台中、新北,https://www.chinatimes.com/realtimenews/20160115005297-260401,18:302016/01/15,China Times
國民黨中台灣選前造勢拚團結 將施放祈福天燈,https://www.chinatimes.com/realtimenews/20160115005512-260401,19:552016/01/15,China Times
《時報周刊》蔡朱宋齊籲團結　大選過後2016台灣和解元年,,02:292016/01/15,China Times
藍軍盧嘉辰 大咖接力助陣 綠營吳琪銘 青年軍上街頭,https://www.chinatimes.com/newspapers/20160115000566-260107,04:102016/01/15,China Times
社論－對蔡、朱選舉揭曉後演說的期望,https://www.chinatimes.com/newspapers/20160115000437-260109,04:102016/01/15,China Times
選前最後造勢 三黨搶攻中北台票倉 選前之夜決戰大台北,https://www.chinatimes.com/newspapers/20160115000056-260202,04:102016/01/15,China Times
挺朱拱宋較量 陸配圈硝煙味濃,https://www.chinatimes.com/newspapers/20160115000815-260301,04:102016/01/15,China Times
選戰倒數48小時 催深藍票 朱立倫要奮戰到底,,04:102016/01/14,China Times
朱立倫、高婉倩合體 「放閃」掃新北,https://www.chinatimes.com/realtimenews/20160114005259-260407,21:062016/01/14,China Times
民進黨指控朱立倫動用行政資源選舉,https://www.chinatimes.com/realtimenews/20160114003322-260407,13:392016/01/14,China Times
朱立倫掃街 高婉倩全程陪同,https://www.chinatimes.com/realtimenews/20160114004790-260407,18:472016/01/14,China Times
高婉倩陪楊麗環 黃昏市場徒步拜票 順幫朱立倫找潤餅,,04:102016/01/14,China Times
高雄造勢晚會 朱立倫痛批小英：為政權出賣台灣人健康,https://www.chinatimes.com/realtimenews/20160114005445-260407,22:212016/01/14,China Times
朱立倫批蔡兩岸政策模糊 美也擔憂,https://www.chinatimes.com/newspapers/20160114000837-260301,04:102016/01/14,China Times
蔡英文台中掃街 遇兩軍叫陣,https://www.chinatimes.com/realtimenews/20160114005079-260407,20:332016/01/14,China Times
催票 馬英九：台灣絕非水深火熱,https://www.chinatimes.com/realtimenews/20160114002438-260401,10:142016/01/14,China Times
國民黨舉行懇託記者會 催政黨票,https://www.chinatimes.com/realtimenews/20160114002793-260407,11:212016/01/14,China Times
新北市府動員參加競選活動 市府：絕無此事,https://www.chinatimes.com/realtimenews/20160114003144-260407,13:022016/01/14,China Times
洪秀柱替朱站台：這票不投 我心在淌血,https://www.chinatimes.com/realtimenews/20160114004314-260407,16:402016/01/14,China Times
動員區長助掃街 綠批朱：全新北市府都是競選總部,https://www.chinatimes.com/realtimenews/20160114003922-260407,15:352016/01/14,China Times
新住民4提問 朱回應具體 蔡空洞 宋自說自話,https://www.chinatimes.com/realtimenews/20160114003503-260407,14:322016/01/14,China Times
秉持經國先生精神 朱立倫：奮戰到底,https://www.chinatimes.com/realtimenews/20160113002456-260407,10:342016/01/13,China Times
倒數72小時 朱立倫回防故鄉桃園,https://www.chinatimes.com/realtimenews/20160113004754-260407,18:322016/01/13,China Times
朱立倫狂掃激戰區 力拚拉尾盤,,04:102016/01/13,China Times
民眾熱情 朱立倫：南投雙姝全壘打,https://www.chinatimes.com/realtimenews/20160113001923-260401,08:422016/01/13,China Times
朱立倫頭寮謁靈 民喊凍蒜遭朱制止,https://www.chinatimes.com/realtimenews/20160113002385-260407,10:202016/01/13,China Times
朱立倫再批：蔡英文兩岸說不清 讓美國友人擔心,https://www.chinatimes.com/realtimenews/20160113002712-260407,11:222016/01/13,China Times
朱立倫想逆轉勝 3大絕招還來得及,https://www.chinatimes.com/realtimenews/20160113001544-260401,07:502016/01/13,China Times
高婉倩鶯歌市場拜票 民眾高喊「朱立倫凍蒜」,https://www.chinatimes.com/realtimenews/20160113002475-260401,10:412016/01/13,China Times
名家觀點－朱立倫還來得及的事,https://www.chinatimes.com/newspapers/20160113000425-260109,04:102016/01/13,China Times
高婉倩分進合擊催票 買菜燉湯慰勞朱立倫,,04:102016/01/13,China Times
朱立倫緊咬美豬 轟蔡英文打模糊戰,,04:102016/01/13,China Times
兩岸議題再舌戰 蔡英文：與習必須一再溝通 朱立倫：並非一切只靠溝通,,04:102016/01/13,China Times
首都前哨戰輸不得 丁守中苦撐,,04:102016/01/13,China Times
高婉倩桃園拜票 「總統夫人好」聲不斷,https://www.chinatimes.com/realtimenews/20160113005019-260407,19:532016/01/13,China Times
邱毅轟楊偉中窩囊廢 酸朱應讓洪秀柱選,https://www.chinatimes.com/realtimenews/20160113002752-260407,11:272016/01/13,China Times
《決戰2016》美豬議題發酵 豬農要蔡面對,https://www.chinatimes.com/newspapers/20160113000809-260301,04:102016/01/13,China Times
學者論台灣選後國防建設之挑戰,https://www.chinatimes.com/realtimenews/20160113004926-260417,18:362016/01/13,China Times
如何應對習近平 蔡英文：溝通、再溝通,https://www.chinatimes.com/newspapers/20160113000078-260203,04:102016/01/13,China Times
為丁守中站台 朱立倫：總統立委全壘打,https://www.chinatimes.com/realtimenews/20160112005640-260407,20:522016/01/12,China Times
遭指「要當選很難」 朱立倫：這是策略,,04:102016/01/12,China Times
「小倩姐炫風」 朱立倫妻拜票 買魚買藥搏感情,,04:102016/01/12,China Times
朱立倫下彰化掃街 再批蔡英文美豬政策模糊,https://www.chinatimes.com/realtimenews/20160112003455-260407,13:002016/01/12,China Times
朱立倫彰化掃街 要蔡英文明確說明美豬主張,https://www.chinatimes.com/realtimenews/20160112003053-260401,12:192016/01/12,China Times
朱立倫南投縣催票 馬文君、許淑華接力相挺,https://www.chinatimes.com/realtimenews/20160112005805-260407,21:402016/01/12,China Times
朱立倫南投掃街 陪同陳淑華、馬文君拜票,https://www.chinatimes.com/realtimenews/20160112004648-260407,18:152016/01/12,China Times
國民黨部送餐盒？李慶元告朱立倫涉嫌賄選,https://www.chinatimes.com/realtimenews/20160112004140-260402,15:272016/01/12,China Times
高婉倩市場拜票兼買菜 今日菜單是蔬菜湯,https://www.chinatimes.com/realtimenews/20160112005045-260407,18:212016/01/12,China Times
《決戰２０１６》朱喊決戰中台灣 蔡轟藍縱容賄選,https://www.chinatimes.com/newspapers/20160112000844-260301,04:102016/01/12,China Times
朱立倫新北衝選票,https://www.chinatimes.com/realtimenews/20160111005004-260407,20:172016/01/11,China Times
朱立倫台中掃街 未見顏寬恒,https://www.chinatimes.com/realtimenews/20160111002378-260407,10:332016/01/11,China Times
冒風雨拚選票！朱立倫陪盧秀燕掃街,https://www.chinatimes.com/realtimenews/20160111003158-260407,12:562016/01/11,China Times
「超級星期天」掃街造勢 朱立倫：挺藍作伙拚經濟,,04:102016/01/11,China Times
朱立倫冒雨陪楊瓊瓔、江啟臣掃街,https://www.chinatimes.com/realtimenews/20160111004085-260407,15:462016/01/11,China Times
高婉倩掃街初體驗 買12罐潤喉珠幫朱立倫護嗓,https://www.chinatimes.com/realtimenews/20160111003016-260401,12:192016/01/11,China Times
蔡英文指控朱立倫縱容黨籍候選人賄選,https://www.chinatimes.com/realtimenews/20160111003076-260407,12:472016/01/11,China Times
回防桃園 朱細數政績 夫妻合唱「家後」 氣氛溫馨,,04:102016/01/11,China Times
夫人牌啟動 高婉倩市場拜票狂賣喉糖,https://www.chinatimes.com/realtimenews/20160111002719-260401,11:162016/01/11,China Times
嘉義賄選頻傳 蔡英文批朱迴避、不負責任,https://www.chinatimes.com/realtimenews/20160111002647-260407,11:052016/01/11,China Times
《決戰２０１６》蔡拋勝選對外溝通 藍嗆空洞,https://www.chinatimes.com/newspapers/20160111000641-260301,04:102016/01/11,China Times
「超級星期天」 短兵肉搏！朱蔡宋府城大拚場,,04:102016/01/11,China Times
《決戰２０１６》朱攻綠營票倉 蔡拚全台掃街,https://www.chinatimes.com/newspapers/20160111000647-260301,04:102016/01/11,China Times
超級星期天 朱蔡宋府城拚場,,12:002016/01/11,China Times
化身賈伯斯 朱立倫：再給國民黨一次機會,,04:102016/01/10,China Times
朱立倫打政績牌，檢討自省、重新出發,https://www.chinatimes.com/realtimenews/20160110000025-260407,01:082016/01/10,China Times
改變朱立倫參選總統意願 「淡水阿嬤」現身藍營大遊行,,04:102016/01/10,China Times
「朱立倫懂財經」 高育仁：睜大眼睛選,https://www.chinatimes.com/realtimenews/20160110002786-260407,16:362016/01/10,China Times
朱立倫打溫馨牌 偕妻高婉倩唱〈家後〉,https://www.chinatimes.com/realtimenews/20160110003581-260407,22:462016/01/10,China Times
朱立倫台南造勢 雲嘉南逾萬名鄉親力挺,https://www.chinatimes.com/realtimenews/20160110003029-260407,18:272016/01/10,China Times
民歌搏感情 朱鎖定中生代固票,,04:102016/01/10,China Times
選前大遊行 三姝挺朱 拚逆轉勝,,04:102016/01/10,China Times
桃園泛藍團結 國民黨中壢辦造勢晚會,https://www.chinatimes.com/realtimenews/20160110003020-260407,17:592016/01/10,China Times
吳志揚看桃園立委選情 「打得難分難解」,https://www.chinatimes.com/realtimenews/20160110002990-260407,18:162016/01/10,China Times
不願政黨輪替 憂心政策轉向 陸配自發遊行,https://www.chinatimes.com/newspapers/20160110000745-260302,04:102016/01/10,China Times
金沙展總統 三缺一雕像 選後亮相,https://www.chinatimes.com/newspapers/20160110000404-260107,04:102016/01/10,China Times
周美青帶領娘子軍最吸睛 超級星期六 藍營大遊行,https://www.chinatimes.com/newspapers/20160110000068-260202,04:102016/01/10,China Times
三姝挺朱 拚逆轉勝,,12:002016/01/10,China Times
國民黨萬人遊行 朱立倫指責綠不斷抗爭,https://www.chinatimes.com/realtimenews/20160109004032-260401,16:552016/01/09,China Times
朱立倫高喊集中選票 批親民黨「親近民進黨」,https://www.chinatimes.com/realtimenews/20160109002925-260401,12:302016/01/09,China Times
綠批滷肉飯廣告 朱立倫：非恐嚇 是事實,https://www.chinatimes.com/realtimenews/20160109002300-260401,10:142016/01/09,China Times
朱立倫、王如玄台中總部 明起發送暖暖包,https://www.chinatimes.com/realtimenews/20160109003316-260407,14:202016/01/09,China Times
朱立倫的「淡水阿嬤」現身了！在國民黨遊行隊伍,https://www.chinatimes.com/realtimenews/20160109004427-260401,19:542016/01/09,China Times
胡志強台中催票 田文仲站台相挺,https://www.chinatimes.com/realtimenews/20160109004855-260407,22:472016/01/09,China Times
山寨版朱立倫與蔡英文 現身駁二沙雕展,https://www.chinatimes.com/realtimenews/20160109004382-260405,19:452016/01/09,China Times
國民黨大遊行 馬朱玄合體 周美青、洪秀柱、高婉倩來相挺,https://www.chinatimes.com/realtimenews/20160109003613-260401,15:242016/01/09,China Times
挨批與綠站一起 宋楚瑜：朱離民意太遠,https://www.chinatimes.com/realtimenews/20160109003074-260407,13:302016/01/09,China Times
國民黨大遊行 馬朱玄合體 周洪高3姝來相挺,https://www.chinatimes.com/realtimenews/20160109004585-260407,21:422016/01/09,China Times
總統大選政見會最終場》解決憲政空窗期 朱：多數黨組閣 蔡：邀各黨會商,,04:102016/01/09,China Times
1月9日各報頭版要聞,https://www.chinatimes.com/realtimenews/20160109001336-260401,07:272016/01/09,China Times
總統大選政見會最終場》美豬開放 朱宋夾擊小英,,04:102016/01/09,China Times
選前超級星期六 藍綠南北對陣,https://www.chinatimes.com/newspapers/20160109000905-260301,04:102016/01/09,China Times
學者：三黨教育政見黑箱、粗糙,,04:102016/01/09,China Times
總統大選政見會最終場》小英：尊重九二會談事實 不會挑釁,,04:102016/01/09,China Times
總統大選政見會最終場》朱炮火猛 蔡感性 宋寶刀未老,,04:102016/01/09,China Times
偷藍營看板當擋風牆 警查動機,https://www.chinatimes.com/newspapers/20160109000528-260107,04:102016/01/09,China Times
蔡英文新解 92共識非全民共識,https://www.chinatimes.com/newspapers/20160109000900-260301,04:102016/01/09,China Times
政見會最終場 論美豬開放,,12:002016/01/09,China Times
朱立倫打中華民國牌 籲民貼國旗貼紙投票,https://www.chinatimes.com/realtimenews/20160108006604-260407,21:292016/01/08,China Times
電視政見發表會最終回 朱立倫第二輪全文,https://www.chinatimes.com/realtimenews/20160108006680-260407,22:032016/01/08,China Times
電視政見發表會最終回 朱立倫第三輪發表全文,https://www.chinatimes.com/realtimenews/20160108006713-260407,22:062016/01/08,China Times
不滿女兒被安置 男嗆槍殺朱立倫遭訴,https://www.chinatimes.com/realtimenews/20160108005935-260402,18:152016/01/08,China Times
朱立倫：總統要換對人 否則台灣何去何從？,https://www.chinatimes.com/realtimenews/20160108006392-260401,20:262016/01/08,China Times
柱：朱立倫做得不好 做阿姨的要鞭打他,https://www.chinatimes.com/realtimenews/20160108006582-260407,21:162016/01/08,China Times
朱立倫火力全開 批蔡不願承擔,https://www.chinatimes.com/realtimenews/20160108006600-260407,21:302016/01/08,China Times
電視政見會最終回 宋、朱、蔡續抵會場,https://www.chinatimes.com/realtimenews/20160108006228-260407,19:332016/01/08,China Times
藍萬人大遊行明舉行 三姝合體造勢,https://www.chinatimes.com/realtimenews/20160108004152-260407,14:402016/01/08,China Times
《時報周刊》高婉倩、周美青、洪秀柱　最後決戰3姝合體　藍營催化沉默選民,,02:522016/01/08,China Times
朱立倫玉清宮參拜　苗栗阿婆列隊相挺,https://www.chinatimes.com/realtimenews/20160107004067-260407,15:312016/01/07,China Times
朱立倫陪鄭正鈐掃街拜票 熱情民眾頻握手,https://www.chinatimes.com/realtimenews/20160107003597-260407,14:202016/01/07,China Times
朱立倫竹東掃街拉票 民代里長大陣仗陪同,https://www.chinatimes.com/realtimenews/20160107002954-260407,12:052016/01/07,China Times
朱立倫參與全台鄉代會 遭吳宜臻打臉抹黑,https://www.chinatimes.com/realtimenews/20160107004703-260407,17:232016/01/07,China Times
朱：看不慣綠自滿 藍選民歸隊,https://www.chinatimes.com/newspapers/20160107000787-260301,04:102016/01/07,China Times
綠委批桃園球場設計有問題,https://www.chinatimes.com/realtimenews/20160107002997-260407,12:542016/01/07,China Times
固新北票倉 朱冒雨掃街 催出熱情,,04:102016/01/07,China Times
切割前朝 王如玄強調「朱王」行政效率高,https://www.chinatimes.com/realtimenews/20160107004981-260407,18:152016/01/07,China Times
固宜蘭票倉 蔡催票 讓台灣不停滯,,04:102016/01/07,China Times
朱立倫：2000年國民黨倒了 台灣有更好嗎？,https://www.chinatimes.com/realtimenews/20160106005376-260407,21:042016/01/06,China Times
朱立倫汐止掃街 增添煙硝氣氛,https://www.chinatimes.com/realtimenews/20160106005498-260407,21:572016/01/06,China Times
朱立倫風雨無阻拼選票,https://www.chinatimes.com/realtimenews/20160106003096-260407,13:082016/01/06,China Times
賄選傳聞漫天飛 蔡英文：請朱立倫約束,https://www.chinatimes.com/realtimenews/20160106002976-260407,13:112016/01/06,China Times
工商建研會拍廣告催票 呼籲力挺朱立倫,https://www.chinatimes.com/realtimenews/20160106002885-260407,11:582016/01/06,China Times
雲嘉衝票 朱轟蔡變來變去,,04:102016/01/06,China Times
洪秀柱催票：支持洪秀柱、票投朱立倫,https://www.chinatimes.com/realtimenews/20160106003119-260407,13:102016/01/06,China Times
朱批立場反覆 蔡駁扭曲作文章,https://www.chinatimes.com/newspapers/20160106000817-260301,04:102016/01/06,China Times
慰安婦議題》不為台設討論平台 綠：支持向日爭權益 胡勿扭曲,,04:102016/01/06,China Times
馬是「數字總統」？朱立倫：呈現真正成績,https://www.chinatimes.com/realtimenews/20160105004953-260407,18:122016/01/05,China Times
朱立倫斗六掃街拜票 雲林農田水利會熱情迎接,https://www.chinatimes.com/realtimenews/20160105005198-260407,19:142016/01/05,China Times
真道理性真愛台灣 團結台灣系列2 朱立倫篇》社論－國民黨如何東山再起？,https://www.chinatimes.com/newspapers/20160105000437-260109,04:102016/01/05,China Times
朱立倫高屏掃街 轟蔡黑箱進口美豬,,04:102016/01/05,China Times
決戰2016》倒數11天民調 朱升蔡降差8％,https://www.chinatimes.com/newspapers/20160105000867-260301,04:102016/01/05,China Times
旺報觀點－守勢辯論 小英失分,https://www.chinatimes.com/newspapers/20160105000871-260301,04:102016/01/05,China Times
國民黨最新民調 英倫拉鋸僅差8％,,04:102016/01/05,China Times
旺報觀點－王如玄攻勢猛 陳建仁徐欣瑩只防守未聚焦,https://www.chinatimes.com/newspapers/20160105000879-260301,04:102016/01/05,China Times
姚立明：小英贏朱350萬到400萬票都有可能,https://www.chinatimes.com/realtimenews/20160105003153-260407,12:182016/01/05,China Times
朱立倫：用行動證明 國民黨革新的決心,https://www.chinatimes.com/realtimenews/20160104002728-260407,11:212016/01/04,China Times
朱立倫高屏車隊拜票 將掃回雙北催票,https://www.chinatimes.com/realtimenews/20160104005616-260407,23:512016/01/04,China Times
終場辯論 44％讚朱立倫表現最好,https://www.chinatimes.com/realtimenews/20160104002882-260407,11:492016/01/04,China Times
高雄強徵汙水費 朱立倫批民進黨鴨霸,https://www.chinatimes.com/realtimenews/20160104004884-260407,19:092016/01/04,China Times
朱立倫訪屏東客家村 客家阿嬷舉牌力挺,https://www.chinatimes.com/realtimenews/20160104003180-260401,13:132016/01/04,China Times
柱姐為國民黨與朱立倫催票,https://www.chinatimes.com/realtimenews/20160104003704-260407,14:462016/01/04,China Times
朱立倫冒得罪美國風險 打美豬牌拚翻盤,https://www.chinatimes.com/realtimenews/20160104001960-260401,09:102016/01/04,China Times
朱立倫訪屏東豬農 斥蔡英文談美豬進口是黑箱,https://www.chinatimes.com/realtimenews/20160104004273-260407,16:482016/01/04,China Times
喚起沉默力量 藍召10萬人遊行,https://www.chinatimes.com/newspapers/20160104000684-260301,04:102016/01/04,China Times
短評－買辦跨藍綠,https://www.chinatimes.com/newspapers/20160104000799-260310,04:102016/01/04,China Times
蔡不懂加薪帶動經濟？朱：學界新觀念,https://www.chinatimes.com/realtimenews/20160104002768-260407,11:302016/01/04,China Times
拚國會過半 英倫決戰朱防線,,04:102016/01/04,China Times
王金平喊119 吳敦義批蔡漲米酒,https://www.chinatimes.com/newspapers/20160104000421-260107,04:102016/01/04,China Times
朱立倫南下催票 猛攻美豬等議題,,04:102016/01/04,China Times
總統、立委賭盤 一路開綠燈,,04:102016/01/04,China Times
國民黨最新民調 朱、蔡支持度差距僅8％,https://www.chinatimes.com/realtimenews/20160104002991-260401,12:172016/01/04,China Times
選戰倒數12天 藍民調：英倫差距僅8％,https://www.chinatimes.com/realtimenews/20160104002981-260401,12:122016/01/04,China Times
雙菊竹苗助陣 段宜康抨玄貪心,https://www.chinatimes.com/newspapers/20160104000431-260107,04:102016/01/04,China Times
王如玄爭支持 退伍軍人高唱團結就是力量,https://www.chinatimes.com/realtimenews/20160104003248-260401,13:362016/01/04,China Times
朱立倫雲林看板被破壞 黨部質疑「暴力黨回來了」,https://www.chinatimes.com/realtimenews/20160104003382-260407,13:522016/01/04,China Times
蔡攻朱立倫防線 全台車隊大掃街,https://www.chinatimes.com/newspapers/20160104000688-260301,04:102016/01/04,China Times
高市立委候選人蔡金晏 稱高雄也有阿嬤挺朱,https://www.chinatimes.com/realtimenews/20160104003035-260407,12:322016/01/04,China Times
朱立倫要大聲說出的三句話,https://www.chinatimes.com/newspapers/20160103000316-260109,04:102016/01/03,China Times
朱立倫雨中造勢 諷蔡財經觀停留在上世紀,https://www.chinatimes.com/realtimenews/20160103003360-260407,22:212016/01/03,China Times
朱立倫出席消災祈福法會 重申兩岸和平重要性,https://www.chinatimes.com/realtimenews/20160103001592-260401,10:372016/01/03,China Times
朱立倫稱黨產已被徹底清理 柯P：這是個黑洞,https://www.chinatimes.com/realtimenews/20160103001607-260407,10:412016/01/03,China Times
工商人語－代罪羔羊,https://www.chinatimes.com/newspapers/20160103000069-260202,04:102016/01/03,China Times
總統給問嗎？ 聚焦數位落差、年金改革,https://www.chinatimes.com/newspapers/20160103000017-260202,04:102016/01/03,China Times
朱打政績牌 蔡批政見跳票,https://www.chinatimes.com/newspapers/20160103000347-260107,04:102016/01/03,China Times
過來人…吳志揚嘆抹黑取代賄選,https://www.chinatimes.com/newspapers/20160103000367-260107,04:102016/01/03,China Times
學者觀戰－朱攻守俱佳 蔡自我壓縮 宋愛憶往,https://www.chinatimes.com/newspapers/20160103000647-260301,04:102016/01/03,China Times
總統候選人辯論會《公民提問》－加薪就能讓景氣回來？蔡諷得諾獎 朱：7位得主認同,,04:102016/01/03,China Times
總統候選人辯論會《三黨申論》－42％網友按讚朱 大勝蔡10％,,04:102016/01/03,China Times
總統候選人辯論會《公民提問》－解決數位落差　朱：上網免費 蔡：是基本人權,,04:102016/01/03,China Times
總統候選人 辯論觀察－教授、少東與老師父,https://www.chinatimes.com/newspapers/20160103000313-260109,04:102016/01/03,China Times
總統候選人辯論會《三黨申論》－蔡提五大改革 終結惡鬥,,04:102016/01/03,China Times
總統候選人辯論會 蔡英文拋最低工資法,https://www.chinatimes.com/newspapers/20160103000014-260202,04:102016/01/03,China Times
總統候選人辯論會《公民提問》－人民參與審判 不要法官說了算,,04:102016/01/03,China Times
兩岸議題 三強激烈攻防,https://www.chinatimes.com/newspapers/20160103000016-260202,04:102016/01/03,China Times
總統辯論觀察 蔡英文學者味濃像馬英九,https://www.chinatimes.com/realtimenews/20160103001012-260401,07:422016/01/03,China Times
 邱毅邀打蔡功勞 為朱民調低找3罪首,https://www.chinatimes.com/realtimenews/20160103001994-260407,12:382016/01/03,China Times
總統候選人辯論會《交叉詰問》－藍綠捉對廝殺 宋左右開弓,,04:102016/01/03,China Times
想翻轉選情 藍委建議朱說3句話,https://www.chinatimes.com/realtimenews/20160103001042-260401,07:502016/01/03,China Times
蔡英文提台灣要團結 有容乃大 無欲則剛,,04:102016/01/03,China Times
蔡英文：台灣要團結,,12:002016/01/03,China Times
有容乃大 無欲則剛,,12:002016/01/03,China Times
胡志強評朱立倫：超乎預期的好,https://www.chinatimes.com/realtimenews/20160102003290-260407,17:072016/01/02,China Times
會後記者會 朱立倫：蔡英文迴避問題,https://www.chinatimes.com/realtimenews/20160102003508-260407,19:382016/01/02,China Times
電視辯論會 朱立倫交叉詰問全文,https://www.chinatimes.com/realtimenews/20160102003144-260407,17:362016/01/02,China Times
朱立倫曬恩愛 穿情侶裝亮相,,04:102016/01/02,China Times
朱立倫出席明華園歌仔戲表演,https://www.chinatimes.com/realtimenews/20160102003750-260407,20:592016/01/02,China Times
第二場總統大選辯論 朱立倫申論全文,https://www.chinatimes.com/realtimenews/20160102002821-260407,15:192016/01/02,China Times
朱立倫：辯論比政策 蔡英文迴避,https://www.chinatimes.com/realtimenews/20160102003939-260407,22:082016/01/02,China Times
第二回辯論 朱立倫直接6問蔡英文,https://www.chinatimes.com/realtimenews/20160102002584-260401,14:192016/01/02,China Times
交叉詰辯 朱立倫猛攻美豬問題,https://www.chinatimes.com/realtimenews/20160102002897-260401,15:372016/01/02,China Times
朱立倫質疑開放美豬 蔡英文反批朱選舉操作,https://www.chinatimes.com/realtimenews/20160102002902-260401,15:402016/01/02,China Times
總統辯論落幕 朱立倫獲42％網友贊同,https://www.chinatimes.com/realtimenews/20160102003970-260407,22:212016/01/02,China Times
加薪挨酸得諾獎 朱：這是新的學界觀念,https://www.chinatimes.com/realtimenews/20160102003180-260401,16:432016/01/02,China Times
公民連署提問 朱立倫回答全文,https://www.chinatimes.com/realtimenews/20160102003013-260401,16:062016/01/02,China Times
辯論後仍馬不停蹄 朱赴泰山為吳育昇站台,https://www.chinatimes.com/realtimenews/20160102003786-260407,20:542016/01/02,China Times
朱詰問基本工資 蔡反質疑朱王不同調,https://www.chinatimes.com/realtimenews/20160102002991-260401,15:592016/01/02,China Times
朱薪資政策 蔡英文諷：行得通會得諾貝爾獎,https://www.chinatimes.com/realtimenews/20160102002959-260401,15:552016/01/02,China Times
3總統候選人 旗心擁抱2016,https://www.chinatimes.com/newspapers/20160102000751-260301,04:102016/01/02,China Times
蔡問賄選 朱立倫：只要涉賄選一律開除黨籍,https://www.chinatimes.com/realtimenews/20160102002967-260401,15:542016/01/02,China Times
辯論表現誰最佳？ 民調：宋26％ 朱、蔡22％ ,https://www.chinatimes.com/realtimenews/20160102004038-260407,22:592016/01/02,China Times
朱立倫申論抛六問 蔡英文反擊：貼標籤、扭曲,https://www.chinatimes.com/realtimenews/20160102002642-260401,14:352016/01/02,China Times
基本工資4年達3萬？ 綠批大躍進式政見,https://www.chinatimes.com/realtimenews/20160102003886-260407,21:312016/01/02,China Times
第二場電視辯論會2點登場 三組總統候選人已抵達現場,https://www.chinatimes.com/realtimenews/20160102002326-260401,13:102016/01/02,China Times
富人稅的重心在資產 不在所得,https://www.chinatimes.com/newspapers/20160102000361-260109,04:102016/01/02,China Times
朱立倫這句話 蔡英文：我還以為是馬總統,https://www.chinatimes.com/realtimenews/20160102002646-260401,14:362016/01/02,China Times
迎接元旦 朱立倫偕高婉倩與民眾唱歌跳舞 ,https://www.chinatimes.com/realtimenews/20160101002762-260407,12:262016/01/01,China Times
元旦總統府升旗 朱立倫洪秀柱握手致意,https://www.chinatimes.com/realtimenews/20160101002200-260407,09:512016/01/01,China Times
朱立倫、高婉倩穿情侶裝 參加元旦升旗,https://www.chinatimes.com/realtimenews/20160101001310-260401,08:202016/01/01,China Times
新竹餐會朱立倫涉賄選？國民黨控小英違選罷法,https://www.chinatimes.com/realtimenews/20160101003719-260407,16:082016/01/01,China Times
競選支出僅561萬 朱：還有未付款,,04:102016/01/01,China Times
跨年夜 蔡閉關準備辯論 朱偕妻發暖暖包,,04:102016/01/01,China Times
軍公教警挺朱後援會 胡志強籲團結拚逆轉勝,https://www.chinatimes.com/realtimenews/20160101003399-260407,14:502016/01/01,China Times
短評－綠偽善 藍鄉愿,https://www.chinatimes.com/newspapers/20160101000953-260310,04:102016/01/01,China Times
洪秀柱拍攝首支競選廣告 呼籲支持朱立倫,https://www.chinatimes.com/realtimenews/20160101003564-260407,15:312016/01/01,China Times
朱立倫陣營支出561萬 民進黨：極其敷衍,https://www.chinatimes.com/realtimenews/20151231005015-260407,20:182015/12/31,China Times
新竹感恩餐會賄選？民進黨告朱立倫,https://www.chinatimes.com/realtimenews/20151231002277-260407,10:162015/12/31,China Times
朱立倫政治獻金收入1.4億 支出561萬,https://www.chinatimes.com/realtimenews/20151231005039-260401,20:142015/12/31,China Times
新竹感恩餐會賄選？ 顧立雄告國民黨及朱立倫,https://www.chinatimes.com/realtimenews/20151231003565-260407,14:532015/12/31,China Times
陪夫發暖暖包 高婉倩：朱立倫是暖男,https://www.chinatimes.com/realtimenews/20151231005468-260407,23:052015/12/31,China Times
第二場總統政見會》再推罹癌嬤 朱讚幸福保衛站,,04:102015/12/31,China Times
勞工加薪失利 王如玄哽咽拉票,https://www.chinatimes.com/newspapers/20151231000609-260107,04:102015/12/31,China Times
電視政見會再駁火 朱酸蔡：萬巒美豬腳 好吃嗎？,,04:102015/12/31,China Times
學者觀戰－朱蔡策略調整 宋主軸不清,https://www.chinatimes.com/newspapers/20151231000857-260301,04:102015/12/31,China Times
第二場總統政見會》朱： 蔡家富裕 不知民間疾苦,,04:102015/12/31,China Times
總統大選政見發表 朱：就任啟動年金改革,https://www.chinatimes.com/newspapers/20151231000069-260202,04:102015/12/31,China Times
決戰2016》遭酸政策小確幸 朱：蔡富裕難理解,https://www.chinatimes.com/newspapers/20151231000851-260301,04:102015/12/31,China Times
第二場總統政見會》蔡： 年金政策 朱根本不改革,,04:102015/12/31,China Times
朱提三弓四箭 英批如同三環三線,https://www.chinatimes.com/newspapers/20151231000070-260202,04:102015/12/31,China Times
決戰2016》談慰安婦 朱蔡宋同促日本賠償,https://www.chinatimes.com/newspapers/20151231000846-260301,04:102015/12/31,China Times
淡水阿嬤害換柱 柱柱姐：不恨要孝順,https://www.chinatimes.com/realtimenews/20151231004580-260407,17:492015/12/31,China Times
朱盼改辯論會 中選會維持原案,,04:102015/12/31,China Times
朱立倫宣示：創新、自由、開放,https://www.chinatimes.com/newspapers/20151230000034-260202,04:102015/12/30,China Times
朱立倫不贊成打房,,04:102015/12/30,China Times
慰安婦問題 朱立倫：強烈要求日本道歉、賠償,https://www.chinatimes.com/realtimenews/20151230005164-260401,20:142015/12/30,China Times
第二輪政見 朱立倫：就任立即啟動年金改革,https://www.chinatimes.com/realtimenews/20151230005512-260407,21:522015/12/30,China Times
朱立倫第三輪政見全文 批蔡「食安不是用喊的」,https://www.chinatimes.com/realtimenews/20151230005635-260407,22:532015/12/30,China Times
朱立倫提第3次政見發表會改辯論會 宋楚瑜贊成,https://www.chinatimes.com/realtimenews/20151230005478-260401,21:562015/12/30,China Times
朱：為員工增福利 企業可減稅,,04:102015/12/30,China Times
會商界 朱：兩岸和平就是確定感,https://www.chinatimes.com/newspapers/20151230000861-260301,04:102015/12/30,China Times
兩岸關係 朱：不能只有和平 更要合作,https://www.chinatimes.com/newspapers/20151230000036-260202,04:102015/12/30,China Times
政見發表會駁火 朱諷蔡出身富裕不懂民間疾苦,https://www.chinatimes.com/realtimenews/20151230005458-260401,21:292015/12/30,China Times
笑嬤由倫！朱立倫政見發表會再推便當阿嬤,https://www.chinatimes.com/realtimenews/20151230005330-260401,21:082015/12/30,China Times
總統政見發表登場 宋楚瑜幽默回應「邊緣化」,https://www.chinatimes.com/realtimenews/20151230005039-260407,19:522015/12/30,China Times
談年金改革 蔡英文批朱：你的就是年金不改革,https://www.chinatimes.com/realtimenews/20151230005279-260401,20:432015/12/30,China Times
馬飭與日交涉道歉賠償 各黨支持,https://www.chinatimes.com/newspapers/20151230000803-260301,04:102015/12/30,China Times
立委選情初探－江羅二度對決 戰況膠著,https://www.chinatimes.com/newspapers/20151230000584-260107,04:102015/12/30,China Times
7大工商龍頭齊呼 兩岸維持現狀還不夠,,04:102015/12/30,China Times
回應美豬 蔡英文：談開放與否言之過早,https://www.chinatimes.com/realtimenews/20151230005499-260407,21:512015/12/30,China Times
陳保基：絕不開放瘦肉精美豬,,04:102015/12/30,China Times
押小英大贏250萬票 藍綠喬王插股亞洲最大賭博網,https://www.chinatimes.com/realtimenews/20151230001016-260401,05:192015/12/30,China Times
朱立倫：加強社區高中在地就學,,04:102015/12/29,China Times
認輸才是朱立倫的上策,https://www.chinatimes.com/newspapers/20151229001038-260310,04:102015/12/29,China Times
朱立倫：核能政策穩健不冒進,https://www.chinatimes.com/realtimenews/20151229003898-260401,16:142015/12/29,China Times
地方掃描－土庫鎮崙內里 朱立倫廣告看板被噴漆,https://www.chinatimes.com/newspapers/20151229000673-260107,04:102015/12/29,China Times
表達國民黨改革決心 朱立倫赴台東捐4棟黨產做公益,,04:102015/12/29,China Times
不贊成打房 朱立倫：要讓房屋市場成熟、差異化,https://www.chinatimes.com/realtimenews/20151229004121-260401,16:392015/12/29,China Times
與工商團體會談 朱立倫：創造高質量就業機會,https://www.chinatimes.com/realtimenews/20151229003484-260401,14:342015/12/29,China Times
工商團體打分數 林伯豐：朱立倫90分、贏蔡英文10分,https://www.chinatimes.com/realtimenews/20151229004657-260407,18:582015/12/29,China Times
不是「馬英九2.0」 朱：我較強勢 個性較急,,04:102015/12/29,China Times
王如玄辦勞工座談 重申40K,https://www.chinatimes.com/newspapers/20151229000657-260107,04:102015/12/29,China Times
朱批蔡92共識拖字訣 綠諷朱無感,https://www.chinatimes.com/newspapers/20151229000891-260301,04:102015/12/29,China Times
朱與工商大老會面 場外民團抗議,https://www.chinatimes.com/realtimenews/20151229003554-260401,14:462015/12/29,China Times
朱：企業增加員工福利能適用減稅,https://www.chinatimes.com/realtimenews/20151229003953-260407,16:022015/12/29,China Times
朱：徵富人稅、擴大稅基 增加中產階級扣除額,https://www.chinatimes.com/realtimenews/20151229003896-260407,16:022015/12/29,China Times
國民黨譴責雲林第一樁選舉暴力 籲噴漆者出面,https://www.chinatimes.com/realtimenews/20151229004474-260407,18:072015/12/29,China Times
朱捐黨產 蔡：政黨法立法前應凍結處理,https://www.chinatimes.com/realtimenews/20151229002738-260407,11:262015/12/29,China Times
公布千桌宴動員令 蘇嘉全痛心：國民黨明目張膽涉賄,https://www.chinatimes.com/realtimenews/20151229002943-260407,12:332015/12/29,China Times
朱立倫專訪》民進黨策略是拖 朱立倫遺憾蔡說不清,https://www.chinatimes.com/broadcast/20151228004707-260714,19:332015/12/28,China Times
朱立倫專訪》不是「馬英九2.0」？ 朱：我個性比較急,https://www.chinatimes.com/broadcast/20151228004787-260714,19:562015/12/28,China Times
朱立倫專訪》網路用語考不倒 朱也是低頭族,https://www.chinatimes.com/broadcast/20151228004705-260714,19:342015/12/28,China Times
朱立倫到台東 捐4棟黨產做公益,https://www.chinatimes.com/realtimenews/20151228002700-260401,11:462015/12/28,China Times
出席《冲天》特映 朱立倫：和平很重要,https://www.chinatimes.com/realtimenews/20151228004943-260407,20:562015/12/28,China Times
為所欲為搶先看》民進黨策略是拖 朱立倫遺憾蔡說不清,https://www.chinatimes.com/realtimenews/20151228004565-260407,18:202015/12/28,China Times
總統大選前哨戰 三方激辯－朱立倫：戰略三策改革 基本工資3萬,https://www.chinatimes.com/newspapers/20151228000024-260202,04:102015/12/28,China Times
中市社福團體成立朱立倫、王如玄後援會,https://www.chinatimes.com/realtimenews/20151228004754-260407,19:462015/12/28,China Times
兩個阿嬤拱參選 意外亮點,,04:102015/12/28,China Times
看板卡位戰居劣勢 藍酸：綠錢多,https://www.chinatimes.com/newspapers/20151228000473-260107,04:102015/12/28,China Times
場內鬥到場外 藍綠加碼演出,,04:102015/12/28,China Times
朱表情多變 蔡隔山打牛 宋軟Q激情,,04:102015/12/28,China Times
名家觀點－依舊是綠色鎖國,https://www.chinatimes.com/newspapers/20151228000434-260109,04:102015/12/28,China Times
朱蔡廝殺宋防邊緣化 各有盲點,https://www.chinatimes.com/newspapers/20151228000731-260301,04:102015/12/28,China Times
總統大選前哨戰 三方激辯－蔡英文：執政不分黨派 要讓國家團結,https://www.chinatimes.com/newspapers/20151228000026-260202,04:102015/12/28,China Times
新聞側寫－薑是老的辣 朱蔡互嗆、宋得分,https://www.chinatimes.com/newspapers/20151228000028-260202,04:102015/12/28,China Times
社論－發揮領導力，才能重燃台灣動能-我們看總統候選人的財經政策主張,https://www.chinatimes.com/newspapers/20151228000021-260202,04:102015/12/28,China Times
基本薪資3萬？ 朱：靠分配正義,https://www.chinatimes.com/realtimenews/20151228005021-260407,21:222015/12/28,China Times
社論－三無之辯：無意外、無解方、無和解,https://www.chinatimes.com/newspapers/20151228000437-260109,04:102015/12/28,China Times
朱：戰略三策 基本工資達3萬,,04:102015/12/28,China Times
蔡首表態 九二共識是兩岸選項,https://www.chinatimes.com/newspapers/20151228000720-260301,04:102015/12/28,China Times
應對紅潮 蔡組國家隊 朱3喊開放,https://www.chinatimes.com/newspapers/20151228000723-260301,04:102015/12/28,China Times
朱蔡互貼標籤 宋側翼進攻求突圍,,04:102015/12/28,China Times
網友瘋傳朱王桃園八德競總遭噴漆 警闢謠,https://www.chinatimes.com/realtimenews/20151228002332-260407,10:362015/12/28,China Times
朝野理性合作 恐難樂觀以待,,04:102015/12/28,China Times
小英：兩岸經濟不能綁一起 九二共識非唯一選項,,04:102015/12/28,China Times
朱立倫批蔡英文政策態度 「當選後再說」,https://www.chinatimes.com/realtimenews/20151227003696-260407,22:112015/12/27,China Times
朱立倫：國家領導人不能模糊面對問題,https://www.chinatimes.com/realtimenews/20151227003577-260407,20:552015/12/27,China Times
朱立倫批：民進黨8年來破壞台灣團結,https://www.chinatimes.com/realtimenews/20151227002843-260401,17:022015/12/27,China Times
蔡英文：朱立倫迴避很多問題,https://www.chinatimes.com/realtimenews/20151227003584-260407,20:582015/12/27,China Times
碰關鍵時刻 朱立倫：蔡英文將把台灣帶入深淵,https://www.chinatimes.com/realtimenews/20151227002716-260401,16:102015/12/27,China Times
朱立倫提戰略三策 課徵富人稅照顧弱勢,https://www.chinatimes.com/realtimenews/20151227002535-260401,15:532015/12/27,China Times
朱立倫與高婉倩牽手步入辯論現場,https://www.chinatimes.com/realtimenews/20151227001935-260407,12:592015/12/27,China Times
朱立倫批民進黨 英派當道一言堂,https://www.chinatimes.com/realtimenews/20151227002711-260401,15:542015/12/27,China Times
【辯論結論】朱立倫批蔡 人民要的不是好文章,https://www.chinatimes.com/realtimenews/20151227002934-260401,17:412015/12/27,China Times
【會後記者會】開放美豬？朱立倫：日韓飲食習慣與台不同,https://www.chinatimes.com/realtimenews/20151227002969-260401,18:012015/12/27,China Times
朱立倫：要找回正能量 讓年輕人高飛,https://www.chinatimes.com/realtimenews/20151227002842-260401,16:322015/12/27,China Times
朱立倫：蔡主席團隊有30幾人是扁團隊,https://www.chinatimes.com/realtimenews/20151227002615-260401,15:342015/12/27,China Times
低薪是國恥 朱立倫：調高基本工資 增富人稅,https://www.chinatimes.com/realtimenews/20151227002276-260401,14:202015/12/27,China Times
【交互詰問】朱立倫：蔡英文團隊 就是扁團隊回來了,https://www.chinatimes.com/realtimenews/20151227002903-260401,17:152015/12/27,China Times
遭貼「黑箱」標籤 蔡英文批朱立倫：有一點擴張,https://www.chinatimes.com/realtimenews/20151227002840-260407,16:572015/12/27,China Times
朱酸「英派」一言堂 蔡英文諷藍分崩離析,https://www.chinatimes.com/realtimenews/20151227002815-260401,16:252015/12/27,China Times
國民黨馬批蔡兩岸政策「隔3天就不一樣」,,04:102015/12/27,China Times
馬批兩國論 20年來最大黑箱,https://www.chinatimes.com/newspapers/20151227000723-260302,04:102015/12/27,China Times
總統辯論表現 網路民調：朱贏蔡2％,https://www.chinatimes.com/realtimenews/20151227003406-260401,19:572015/12/27,China Times
首場總統大選電視辯論 三人先禮後兵,https://www.chinatimes.com/realtimenews/20151227002318-260401,14:362015/12/27,China Times
2016總統候選人辯論 下午2時登場 ,https://www.chinatimes.com/realtimenews/20151227001762-260401,11:362015/12/27,China Times
含瘦肉精美豬進口換TPP？朱蔡互諷,https://www.chinatimes.com/realtimenews/20151227002397-260401,14:402015/12/27,China Times
台灣外交如何突破陸封鎖 宋楚瑜提務實論,https://www.chinatimes.com/realtimenews/20151227002632-260401,15:382015/12/27,China Times
阿嬤就是力量！辯論後臉書出現「淡水阿嬤」粉絲團 ,https://www.chinatimes.com/realtimenews/20151227003754-260407,23:512015/12/27,China Times
蔡仍不提九二共識 朱批蔡：再回到23年前？,https://www.chinatimes.com/realtimenews/20151227002482-260401,15:002015/12/27,China Times
總統首場辯論 2個阿嬤竄紅！網民猛推,https://www.chinatimes.com/realtimenews/20151227003519-260407,20:292015/12/27,China Times
宋楚瑜酸朱：重新出來若贏得信任，會打得這麼辛苦嗎？,https://www.chinatimes.com/realtimenews/20151227002689-260401,16:072015/12/27,China Times
我見我思－朱立倫大死一番,https://www.chinatimes.com/newspapers/20151226000414-260109,04:102015/12/26,China Times
朱：唱衰自己是幫助敵人,,04:102015/12/26,China Times
論經濟激烈交鋒 朱蔡炮火四射,https://www.chinatimes.com/newspapers/20151226000918-260301,04:102015/12/26,China Times
抗議砍假 工鬥人士闖朱總部,,04:102015/12/26,China Times
現場側寫－3劍客交鋒 體現求同存異 異中求同,https://www.chinatimes.com/newspapers/20151226000925-260301,04:102015/12/26,China Times
陸學者：蔡兩岸政見 仍差一哩路,https://www.chinatimes.com/newspapers/20151226000920-260301,04:102015/12/26,China Times
朱批現狀說 蔡模糊面對未來,https://www.chinatimes.com/newspapers/20151226000915-260301,04:102015/12/26,China Times
朱：兩岸領袖峰會機制化,,04:102015/12/26,China Times
總統大選首場電視政見會》蔡朱駁火 宋打藍罵綠仍被晾一旁,,04:102015/12/26,China Times
洪秀柱建議：朱、蔡以國、台、客語各做1場辯論,https://www.chinatimes.com/realtimenews/20151226003287-260407,17:422015/12/26,China Times
蔡宋閉關密訓 朱找女幕僚扮對手,,04:102015/12/26,China Times
蔡：國民黨只會搞小確幸 朱：綠提不出自經區版本,,04:102015/12/26,China Times
朱立倫三顧竹市 拚收復失土,,04:102015/12/25,China Times
談政見會表現 朱立倫：還要加油,https://www.chinatimes.com/realtimenews/20151225005598-260407,23:052015/12/25,China Times
朱立倫慶祝行憲紀念日 做國旗蛋糕,https://www.chinatimes.com/realtimenews/20151225003505-260407,14:172015/12/25,China Times
闖朱立倫總部抗議 男子遭送辦,https://www.chinatimes.com/realtimenews/20151225004845-260402,18:262015/12/25,China Times
20多名抗議人士闖入朱立倫競選總部 與警肢體衝突,https://www.chinatimes.com/realtimenews/20151225002792-260401,11:282015/12/25,China Times
朱立倫練習辯論 找女幕僚扮對手,https://www.chinatimes.com/realtimenews/20151225003396-260401,14:022015/12/25,China Times
競選總部遭噴漆 朱立倫：是蔡英文說假太多,https://www.chinatimes.com/realtimenews/20151225004413-260407,16:552015/12/25,China Times
談住宅政策 朱立倫：讓空屋從閒置變租屋,https://www.chinatimes.com/realtimenews/20151225005389-260407,21:222015/12/25,China Times
朱立倫：這時還唱衰自己 就是在幫助對手,https://www.chinatimes.com/realtimenews/20151225003843-260407,15:302015/12/25,China Times
不與朱立倫同台 郝柏村：這次選舉是九二共識公投！,https://www.chinatimes.com/realtimenews/20151225004926-260407,18:572015/12/25,China Times
兩岸政策交鋒 朱立倫緊咬蔡英文是兩國論最早倡議者,https://www.chinatimes.com/realtimenews/20151225005659-260401,23:572015/12/25,China Times
政見會登場 三黨端牛肉受檢驗,https://www.chinatimes.com/newspapers/20151225000907-260301,04:102015/12/25,China Times
朱立倫：3弓4箭替產業找出路,https://www.chinatimes.com/realtimenews/20151225005312-260407,20:512015/12/25,China Times
暖暖憲誕 朱：一個台灣不分彼此,https://www.chinatimes.com/realtimenews/20151225004863-260407,18:252015/12/25,China Times
工鬥抗議人士闖朱總部 抗議少7天假,https://www.chinatimes.com/realtimenews/20151225003355-260407,13:572015/12/25,China Times
金門立委選舉 3黨激戰明朗化,https://www.chinatimes.com/newspapers/20151225000632-260107,04:102015/12/25,China Times
副總統候選人辯論 明天登場－直髮高跟鞋 玄改造型,,04:102015/12/25,China Times
總統政見發表 朱蔡針對經濟議題交鋒,https://www.chinatimes.com/realtimenews/20151225005392-260407,21:182015/12/25,China Times
首場總統電視政見發表會 民視登場,https://www.chinatimes.com/realtimenews/20151225005131-260401,20:012015/12/25,China Times
朱辦發言人勸別做聲紋鑑定 邱毅譙：多話的白痴,https://www.chinatimes.com/realtimenews/20151225005401-260407,21:242015/12/25,China Times
朱立倫訪竹科 盼企業加薪留才,https://www.chinatimes.com/realtimenews/20151224004779-260407,19:402015/12/24,China Times
朱立倫赴新竹為鄭正鈐站台 發表客家政策,https://www.chinatimes.com/realtimenews/20151224004754-260407,19:102015/12/24,China Times
黃復興鐵票生鏽？朱：愈來愈團結,,04:102015/12/24,China Times
朱立倫：台商回台投資 有條件免稅,https://www.chinatimes.com/newspapers/20151224000849-260301,04:102015/12/24,China Times
朱：海外匯回投資 免課營所稅,,04:102015/12/24,China Times
村里長有約 英倫宋搏感情,,04:102015/12/24,China Times
蔡：企業別碰藍營黨產 朱：彈老調非民主之福,,04:102015/12/24,China Times
朱：不認九二共識即挑釁,,04:102015/12/24,China Times
《觀點》台灣大選的「美麗」與「哀愁」,https://www.chinatimes.com/realtimenews/20151224001110-260407,04:452015/12/24,China Times
全國村里長有約 朱立倫：一定和大家同心打拚,https://www.chinatimes.com/realtimenews/20151223002977-260401,12:062015/12/23,China Times
綠酸3億搞文宣 朱：天方夜譚,,04:102015/12/23,China Times
菜頭讓豬肉百萬票？賭盤被抄,https://www.chinatimes.com/newspapers/20151223000457-260106,04:102015/12/23,China Times
搬出勝利講台 馬首度下鄉輔選,,04:102015/12/23,China Times
投資台灣 朱主張台商匯回盈餘免課營所稅,https://www.chinatimes.com/realtimenews/20151223004070-260407,15:412015/12/23,China Times
批蔡挑釁對岸 朱諷蔡最大特點就是說「不」,https://www.chinatimes.com/realtimenews/20151223004155-260401,15:532015/12/23,China Times
英倫差距僅9.5％ 朱立倫微笑不回應,https://www.chinatimes.com/realtimenews/20151222005482-260407,22:392015/12/22,China Times
朱立倫中台禪寺禮佛,https://www.chinatimes.com/realtimenews/20151222002944-260407,12:052015/12/22,China Times
朱立倫為孔文吉站台 強調國民黨最和諧、包容,https://www.chinatimes.com/realtimenews/20151222003220-260407,13:142015/12/22,China Times
八仙塵爆傷患 遞狀控朱立倫瀆職,https://www.chinatimes.com/realtimenews/20151222004426-260402,17:132015/12/22,China Times
馬英九至埔里為孔文吉、朱立倫競選總部站台,https://www.chinatimes.com/realtimenews/20151222003485-260407,14:242015/12/22,China Times
蔡英文黨產魔戒說 朱立倫：別污名化當遮羞布,https://www.chinatimes.com/realtimenews/20151222004938-260407,19:242015/12/22,China Times
朱立倫天方夜譚說 蔡英文：請好好解釋,https://www.chinatimes.com/realtimenews/20151222003483-260407,14:182015/12/22,China Times
朱：開放拚經濟 成果全民共享,https://www.chinatimes.com/newspapers/20151222000953-260301,04:102015/12/22,China Times
有話要說－虯髯客原力覺醒,https://www.chinatimes.com/newspapers/20151222000484-260109,04:102015/12/22,China Times
支持度逾7成 朱回防桃竹苗固票,,04:102015/12/22,China Times
27日總統大選辯論 施振榮主持,,04:102015/12/22,China Times
蔡諷國民黨黨產成魔戒 朱難自拔,,04:102015/12/22,China Times
馬總統首度下鄉輔選 原住民熱情尖叫搶握手,https://www.chinatimes.com/realtimenews/20151222002916-260401,12:042015/12/22,China Times
朱立倫、王如玄到苗栗搶攻客家票,https://www.chinatimes.com/realtimenews/20151221002966-260407,13:492015/12/21,China Times
朱：兩岸競爭又合作 正面應對,https://www.chinatimes.com/newspapers/20151221000715-260301,04:102015/12/21,China Times
暖男親情牌 朱叔叔放閃愛妻,,04:102015/12/21,China Times
吳敦義返鄉南投加持,https://www.chinatimes.com/newspapers/20151221000406-260107,04:102015/12/21,China Times
朱立倫批：綠營執政台灣倒退嚕,https://www.chinatimes.com/newspapers/20151220000407-260107,04:102015/12/20,China Times
彰化造勢 朱立倫：支持國民黨 拚經濟,https://www.chinatimes.com/realtimenews/20151220003673-260407,22:092015/12/20,China Times
回防新北 朱立倫競選總部成立,https://www.chinatimes.com/realtimenews/20151220003202-260407,20:172015/12/20,China Times
總統辯論 朱立倫：會真實展現政策與想法,https://www.chinatimes.com/realtimenews/20151220002078-260407,13:332015/12/20,China Times
高婉倩請吃紅豆湯 讚朱「有料」,https://www.chinatimes.com/newspapers/20151220000288-260106,04:102015/12/20,China Times
金融挺朱 八行庫董座到一半,https://www.chinatimes.com/newspapers/20151220000284-260106,04:102015/12/20,China Times
王如玄出席新住民誓師大會 支持者熱烈歡迎,https://www.chinatimes.com/realtimenews/20151220002636-260401,15:142015/12/20,China Times
郭董提硬指標 朝野3黨軟回應,,04:102015/12/20,China Times
朱主攻兩岸與經濟 王著重辯論技巧,,04:102015/12/20,China Times
候選人要訂經濟硬指標,,12:002015/12/20,China Times
選戰花絮－孫大千總部成立 朱立倫父親助陣,https://www.chinatimes.com/newspapers/20151219000569-260107,04:102015/12/19,China Times
朱立倫扮暖男車長 發送國旗暖夯包,,04:102015/12/19,China Times
朱立倫批：民進黨政治算計 阻攔國會改革,https://www.chinatimes.com/realtimenews/20151219002599-260407,13:482015/12/19,China Times
朱立倫、羅明才坪林競選總部成立,https://www.chinatimes.com/realtimenews/20151219002677-260407,13:522015/12/19,China Times
朱立倫幫陳根德站台 批扁執政倒退嚕,https://www.chinatimes.com/realtimenews/20151219002475-260407,12:232015/12/19,China Times
朱立倫台南造勢 打夫人牌,https://www.chinatimes.com/realtimenews/20151219004079-260407,20:072015/12/19,China Times
學者看夫人牌輔選：太早出手,https://www.chinatimes.com/newspapers/20151219000906-260301,04:102015/12/19,China Times
地方掃描－朱立倫屏東競選總部成立,https://www.chinatimes.com/newspapers/20151219000568-260107,04:102015/12/19,China Times
高婉倩首度輔選 朱讚：她一向比我加分,https://www.chinatimes.com/realtimenews/20151219002586-260407,13:272015/12/19,China Times
朱立倫化身「暖男車長」 發送國旗暖暖夯包,https://www.chinatimes.com/realtimenews/20151218002643-260401,10:362015/12/18,China Times
朱以行銷加值 要翻轉農業,,04:102015/12/18,China Times
吳敦義設宴布局黨主席？朱立倫：陰謀論太多,https://www.chinatimes.com/realtimenews/20151217004617-260401,15:142015/12/17,China Times
楊志良：朱立倫快寫敗選宣言 全力拚立委席次,https://www.chinatimes.com/realtimenews/20151217005274-260407,17:372015/12/17,China Times
台聯控訴朱冷回：可能全台灣的公司都跟朱立倫有關,https://www.chinatimes.com/realtimenews/20151217004672-260407,15:302015/12/17,China Times
綠疑朱賺選舉財 藍：冷飯亂炒,,04:102015/12/17,China Times
美前高官讚 藍執政7年穩兩岸,https://www.chinatimes.com/newspapers/20151217001876-260301,04:102015/12/17,China Times
吳敦義宴請藍高層 馬英九：天氣雖冷 選情很熱,https://www.chinatimes.com/realtimenews/20151217006014-260407,20:222015/12/17,China Times
張鎔麒質疑TPP黑箱 擔憂犧牲農民權益,https://www.chinatimes.com/realtimenews/20151217003873-260407,12:392015/12/17,China Times
朱立倫參拜助選 小英有運匠相挺,https://www.chinatimes.com/newspapers/20151216000510-260107,04:102015/12/16,China Times
高婉倩領軍 朱立倫求3姝合體逆襲小英,https://www.chinatimes.com/realtimenews/20151216001048-260401,05:102015/12/16,China Times
朱立倫：民進黨若勝選 兩岸關係恐難順暢,https://www.chinatimes.com/realtimenews/20151216004958-260407,18:562015/12/16,China Times
大選辯論展誠意 朱立倫挪出10天空檔,https://www.chinatimes.com/realtimenews/20151216004663-260407,18:162015/12/16,China Times
綠再咬朱立倫財產暴增 疑賺選舉財,https://www.chinatimes.com/realtimenews/20151216003030-260407,12:362015/12/16,China Times
朱立倫、羅明才 烏來競選總部成立,https://www.chinatimes.com/realtimenews/20151216005484-260407,21:502015/12/16,China Times
麥艾文稱許朱立倫美國行建立良好對話,https://www.chinatimes.com/realtimenews/20151216005110-260401,20:372015/12/16,China Times
「最重視客家文化」朱立倫尋求客家社團支持,https://www.chinatimes.com/realtimenews/20151216005122-260407,20:562015/12/16,China Times
朱：幼教免學費 提早至3歲,,04:102015/12/16,China Times
18日總統辯論 國親待綠回應,https://www.chinatimes.com/newspapers/20151216000848-260301,04:102015/12/16,China Times
全國義消後援會 朱王合體出席,https://www.chinatimes.com/realtimenews/20151216003552-260401,14:392015/12/16,China Times
綠營籲朱移送許志堅任內6大都更案,https://www.chinatimes.com/realtimenews/20151216002760-260407,11:592015/12/16,China Times
朱立倫出席木工機產業座談會,https://www.chinatimes.com/realtimenews/20151215004954-260407,19:322015/12/15,China Times
綠提副手辯論 朱立倫：盡量配合,https://www.chinatimes.com/realtimenews/20151215002677-260401,11:292015/12/15,China Times
朱立倫台中競選總部成立 3萬人拚氣勢,https://www.chinatimes.com/realtimenews/20151215005274-260407,20:472015/12/15,China Times
台中東勢搓湯圓 朱立倫：發揚客家文化,https://www.chinatimes.com/realtimenews/20151215005185-260407,20:262015/12/15,China Times
綠籲公布財產 朱立倫：每年都上新聞,https://www.chinatimes.com/realtimenews/20151215004935-260407,19:052015/12/15,China Times
批綠不斷抹黑 朱立倫要小英先向社會道歉,https://www.chinatimes.com/realtimenews/20151215005372-260401,21:322015/12/15,China Times
朱立倫打安定牌 批民進黨只會製造社會矛盾,https://www.chinatimes.com/realtimenews/20151215005319-260407,21:142015/12/15,China Times
朱立倫公布教育政策 擬開放陸生讀科大,https://www.chinatimes.com/realtimenews/20151215002548-260401,11:222015/12/15,China Times
朱諷小英：講清楚不就好,,04:102015/12/15,China Times
朱1蔡2宋3 大選號次同參選次數,https://www.chinatimes.com/newspapers/20151215000856-260301,04:102015/12/15,China Times
朱向台商催票：沉默力量出來,https://www.chinatimes.com/newspapers/20151215000852-260301,04:102015/12/15,China Times
出賣台灣農業？ 綠委追擊：朱岳父疑參股3公司,https://www.chinatimes.com/realtimenews/20151215002804-260401,11:562015/12/15,China Times
朱立倫出席全國教師工總聯合會座談會,https://www.chinatimes.com/realtimenews/20151214002451-260407,10:422015/12/14,China Times
批綠抹黑 朱立倫：民進黨贏了選舉 輸了台灣,https://www.chinatimes.com/realtimenews/20151214003576-260401,14:402015/12/14,China Times
獲邀幫朱輔選？ 柯：要怎麼幫,,04:102015/12/14,China Times
朱：民進黨執政 大家就操煩,,04:102015/12/14,China Times
土地炒作爭議 朱諷蔡：講清楚不就好？,https://www.chinatimes.com/realtimenews/20151214003697-260407,15:062015/12/14,China Times
朱批蔡：別整天想著「加倍奉還」贏選票,https://www.chinatimes.com/realtimenews/20151214002364-260401,10:222015/12/14,China Times
朱找柯輔選 雙方不否認不排斥,https://www.chinatimes.com/newspapers/20151214000738-260301,04:102015/12/14,China Times
總統大選抽籤 朱立倫1號 蔡英文2號 宋楚瑜3號,https://www.chinatimes.com/realtimenews/20151214002110-260401,09:342015/12/14,China Times
辯論有譜？ 三立、公視合辦三場 1月3日前完成,https://www.chinatimes.com/realtimenews/20151214003818-260401,15:302015/12/14,China Times
柯P鐵騎長征 變輔選之旅,,12:002015/12/14,China Times
嘉義眷村固票 朱立倫端湯圓籲團結,https://www.chinatimes.com/realtimenews/20151213002964-260407,16:422015/12/13,China Times
逆轉勝第一站 朱立倫桃園造勢,,04:102015/12/13,China Times
朱立倫嘉義眷村打團結牌 民眾熱情歡迎,https://www.chinatimes.com/realtimenews/20151213002663-260407,15:172015/12/13,China Times
柯文哲輔選朱立倫 學者：對藍雙面刃,https://www.chinatimes.com/realtimenews/20151213003644-260407,21:042015/12/13,China Times
找柯文哲輔選？ 朱立倫：大家都是朋友,https://www.chinatimes.com/realtimenews/20151213002068-260407,12:092015/12/13,China Times
朱立倫、王如玄同台造勢 民眾高喊「凍蒜」,https://www.chinatimes.com/realtimenews/20151213002185-260407,13:182015/12/13,China Times
朱立倫扮總鋪師 端六道政策牛肉,https://www.chinatimes.com/realtimenews/20151213002289-260407,13:522015/12/13,China Times
真道理性真愛台灣 朱立倫與蔡英文須說清楚的事5》社論－誰有能力打破弱政府困境,https://www.chinatimes.com/newspapers/20151213000326-260109,04:102015/12/13,China Times
力挺蔡錦隆 胡志強讚：百億立委,https://www.chinatimes.com/newspapers/20151213000375-260107,04:102015/12/13,China Times
朱王同台萬人造勢 王金平讚馬總統「兩岸外交做得很好」,https://www.chinatimes.com/realtimenews/20151213002986-260407,17:102015/12/13,China Times
朱立倫邀輔選？ 柯文哲：有來問過,https://www.chinatimes.com/realtimenews/20151213001075-260407,07:452015/12/13,China Times
綠營空優 猛襲桃苗藍營鐵票區,,04:102015/12/13,China Times
遭批竊盜集團 小英籲朱保持格調才有機會再起,https://www.chinatimes.com/realtimenews/20151213001986-260407,11:472015/12/13,China Times
周玉蔻說蔡英文是小五生的？ 蔡正元嗆三立：有種就播,https://www.chinatimes.com/realtimenews/20151213001231-260401,08:462015/12/13,China Times
朱立倫：民進黨是選舉黨、政治黨,https://www.chinatimes.com/realtimenews/20151212003360-260407,16:312015/12/12,China Times
回桃園造勢 朱立倫承諾拼觀光客2千萬人次,https://www.chinatimes.com/realtimenews/20151212002980-260407,14:512015/12/12,China Times
蔡英文炒地風波 朱立倫：希望她說清楚,https://www.chinatimes.com/realtimenews/20151212002616-260407,13:132015/12/12,China Times
與樹林里長座談 朱立倫：若當選 拚經濟拚觀光,https://www.chinatimes.com/realtimenews/20151212003354-260407,16:452015/12/12,China Times
真道理性真愛台灣 朱立倫與蔡英文須說清楚的事4》－如何縮小貧富差距與實現社會正義,https://www.chinatimes.com/newspapers/20151212000390-260109,04:102015/12/12,China Times
胡志強讚蔡錦隆 為中市爭取千億經費,https://www.chinatimes.com/realtimenews/20151212003941-260407,19:292015/12/12,China Times
王如玄：沒想到我在網路上已經比蔡英文夯,https://www.chinatimes.com/realtimenews/20151212002245-260401,11:112015/12/12,China Times
朱回防客家票倉 劉政鴻 徐耀昌力挺,https://www.chinatimes.com/realtimenews/20151212002868-260407,14:312015/12/12,China Times
莫讓技術問題 妨礙大選辯論,https://www.chinatimes.com/newspapers/20151212000916-260301,04:102015/12/12,China Times
朱立倫批：頂新法官是恐龍,https://www.chinatimes.com/realtimenews/20151211003980-260401,14:342015/12/11,China Times
朱立倫出席退將餐會 現場反應冷淡,https://www.chinatimes.com/realtimenews/20151211003794-260407,14:172015/12/11,China Times
《時報周刊》劈董新聞─朱立倫是獨孤求敗,,14:342015/12/11,China Times
朱立倫稱北海飯店建照已失效 綠：開發許可呢？,https://www.chinatimes.com/realtimenews/20151211003364-260401,12:342015/12/11,China Times
邵曉鈴高人氣 力挺盧秀燕,https://www.chinatimes.com/newspapers/20151211000686-260107,04:102015/12/11,China Times
《時報周刊》胡志強操盤　小英不再躺著選,,03:052015/12/11,China Times
冷飯新炒 激化社會仇富！難道窮光蛋 才配選總統,,04:102015/12/11,China Times
真道理性真愛台灣 朱立倫與蔡英文須說清楚的事 3》社論－民進黨如何面對大陸壓力測試,https://www.chinatimes.com/newspapers/20151211000529-260109,04:102015/12/11,China Times
朱立倫攜手年輕朋友 擘畫台灣,https://www.chinatimes.com/realtimenews/20151210005691-260407,18:262015/12/10,China Times
真道理性真愛台灣 朱立倫與蔡英文須說清楚的事2》社論－終結民主內戰 朱缺論述蔡光說不練,https://www.chinatimes.com/newspapers/20151210000562-260109,04:102015/12/10,China Times
朱推人財培育 新鮮人保證40K,,04:102015/12/10,China Times
工商界相挺 成立張鎔麒後援會,https://www.chinatimes.com/newspapers/20151210000682-260107,04:102015/12/10,China Times
中美對台灣選情的焦慮,https://www.chinatimes.com/newspapers/20151210001064-260310,04:102015/12/10,China Times
提升國民黨氣勢 胡志強：最大幫助是洪秀柱,https://www.chinatimes.com/realtimenews/20151210002461-260401,09:392015/12/10,China Times
假開發真炒地？ 綠反咬朱立倫家族大賺2.5億,https://www.chinatimes.com/realtimenews/20151210003188-260407,11:482015/12/10,China Times
民進黨烏龍爆料 掩護小英炒地,https://www.chinatimes.com/realtimenews/20151210003377-260401,12:512015/12/10,China Times
朱挺玄：做事要符合民眾期待,https://www.chinatimes.com/newspapers/20151210000965-260301,04:102015/12/10,China Times
「高志鵬 你累了嗎？」民進黨烏龍爆料 藍營反擊,https://www.chinatimes.com/realtimenews/20151210004089-260401,14:202015/12/10,China Times
朱立倫批民進黨：像鬥雞一樣,https://www.chinatimes.com/realtimenews/20151209005739-260407,21:142015/12/09,China Times
薪資低迷 朱立倫：讓人才變成人財,https://www.chinatimes.com/realtimenews/20151209003709-260401,14:212015/12/09,China Times
朱立倫、王如玄「倫轉好薪情」政策說明會 14：00登場,https://www.chinatimes.com/realtimenews/20151209003296-260401,13:032015/12/09,China Times
力挺朱玄配 郭榮豐：有信心拿3成5,https://www.chinatimes.com/newspapers/20151209000578-260107,04:102015/12/09,China Times
工商團體 邀英倫對話,https://www.chinatimes.com/newspapers/20151209000044-260202,04:102015/12/09,China Times
朱：保障年金制度 蔡：維護文官中立,,04:102015/12/09,China Times
中和區里長座談會 朱：當選後就是拚經濟！,https://www.chinatimes.com/realtimenews/20151209005741-260407,21:152015/12/09,China Times
真道理性真愛台灣 朱立倫與蔡英文須說清楚的事1》社論－經濟弱化現象如何逆轉？,https://www.chinatimes.com/newspapers/20151209000426-260109,04:102015/12/09,China Times
振經濟 朱立倫提三弓四箭,https://www.chinatimes.com/newspapers/20151208000021-260202,04:102015/12/08,China Times
朱立倫：台灣地理曾佔貿易最大優勢,https://www.chinatimes.com/realtimenews/20151208005175-260407,18:292015/12/08,China Times
朱立倫「三弓四箭」 綠：比EMBA簡報還差,,04:102015/12/08,China Times
朱立倫批：某政黨污名化公務員,https://www.chinatimes.com/realtimenews/20151208004966-260407,17:232015/12/08,China Times
朱立倫出席慈法禪寺「啟建護國息災」法會,https://www.chinatimes.com/realtimenews/20151208003807-260407,14:432015/12/08,China Times
旺報觀點－打政策牌 擺脫負面選舉泥沼,https://www.chinatimes.com/newspapers/20151208000863-260301,04:102015/12/08,China Times
朱端經濟牛肉 如何落實是關鍵,https://www.chinatimes.com/newspapers/20151208000861-260301,04:102015/12/08,China Times
朱提3弓4箭 結合陸企擴市場,https://www.chinatimes.com/newspapers/20151208000858-260301,04:102015/12/08,China Times
朱總部主委胡志強：軍宅案 錯就要扛,,04:102015/12/08,China Times
朱：常陪孩子吃飯 就不用幫他慶生？,,04:102015/12/08,China Times
工總：方向正確 執行有難度,,04:102015/12/08,China Times
副手軍宅爭議 朱：王長期致力公益,https://www.chinatimes.com/realtimenews/20151208002818-260401,10:552015/12/08,China Times
胡志強相助 台中地區選情有救,https://www.chinatimes.com/realtimenews/20151208002173-260401,09:002015/12/08,China Times
時論－民進黨真想讓陸生來嗎,https://www.chinatimes.com/newspapers/20151208000413-260109,04:102015/12/08,China Times
旺報觀點－朱立倫掀學術弊端 青年有感,https://www.chinatimes.com/newspapers/20151207001590-260301,04:102015/12/07,China Times
啟動台灣飛輪! 朱立倫推「三弓四箭」經濟政策,https://www.chinatimes.com/realtimenews/20151207003947-260401,12:272015/12/07,China Times
朱推夯包送暖 與小豬別苗頭,,04:102015/12/07,China Times
朱批做不到 陳嗆政府不用心,,04:102015/12/07,China Times
大選青年對談 朱拋學費凍漲,,04:102015/12/07,China Times
生技兆元夢 朱蔡拚場背書,https://www.chinatimes.com/newspapers/20151207000870-260202,04:102015/12/07,China Times
朱拋學費凍漲 宋喊學貸免息,https://www.chinatimes.com/newspapers/20151207001587-260301,04:102015/12/07,China Times
綠：絕不輕言 藍：先檢討系所,,04:102015/12/07,China Times
乎人換換去 柱姐：拍謝啦,https://www.chinatimes.com/newspapers/20151207001323-260107,04:102015/12/07,China Times
評軍宅案 胡志強：有錯就要扛起來,https://www.chinatimes.com/realtimenews/20151207004196-260401,13:502015/12/07,China Times
朱平穩 宋老練 陳溫文變慓悍,,04:102015/12/07,China Times
朱陳交鋒 明批暗諷 宛如大選辯論預賽,,04:102015/12/07,China Times
新北青年宅計劃書拖2年 段宜康：朱回來當市長才核定？,https://www.chinatimes.com/realtimenews/20151207003844-260407,11:562015/12/07,China Times
朱陳交鋒 宛如大選辯論預賽,,12:002015/12/07,China Times
選戰花絮－朱立倫竹市競選總部成立,https://www.chinatimes.com/newspapers/20151206000401-260107,04:102015/12/06,China Times
總統大選青年對談 今登場 朱立倫、宋楚瑜、陳建仁上陣,https://www.chinatimes.com/newspapers/20151206000030-260202,04:102015/12/06,China Times
與青年對談 朱立倫拋學費凍漲,https://www.chinatimes.com/realtimenews/20151206002249-260407,15:122015/12/06,China Times
蔡英文缺席與青年對談 朱立倫：她自認已當選,https://www.chinatimes.com/realtimenews/20151206001506-260407,11:262015/12/06,China Times
面對學生麻辣提問 朱立倫：加點湯變麻辣湯,https://www.chinatimes.com/realtimenews/20151206001968-260407,14:022015/12/06,China Times
民進黨主張蓋社會宅 朱立倫：地在哪？錢在哪？,https://www.chinatimes.com/realtimenews/20151206002811-260407,17:562015/12/06,China Times
為朱立倫、吳育仁競選總部站台 洪秀柱喊「拍謝」,https://www.chinatimes.com/realtimenews/20151206002867-260407,18:552015/12/06,China Times
風火倫趕場 不讓綠躺著選,,04:102015/12/06,China Times
朱入厝 七大老助陣,,04:102015/12/06,China Times
朱批蔡 躲在特定媒體後辯論,https://www.chinatimes.com/newspapers/20151206000650-260301,04:102015/12/06,China Times
盧秀燕：鄉親好友都是我的天王,,04:102015/12/06,China Times
「牛肉多、少口水」 李慶華：有信心打贏,https://www.chinatimes.com/newspapers/20151206000379-260107,04:102015/12/06,China Times
防抹黑 李乾龍公布土地明細,,04:102015/12/06,China Times
首度破冰站台挺朱 柱姐：人心熱就沒冰,,04:102015/12/06,China Times
蔡拚了 聖光牌加持,,04:102015/12/06,China Times
2016總統大選青年對談 三候選人大談高等教育,https://www.chinatimes.com/realtimenews/20151206001959-260401,13:442015/12/06,China Times
蔡英文：洪秀柱、連勝文皆曾同意過三立辯論會,https://www.chinatimes.com/realtimenews/20151206001971-260407,14:052015/12/06,China Times
12月06日各報頭條要聞,https://www.chinatimes.com/realtimenews/20151206000996-260401,07:522015/12/06,China Times
朱立倫：國民黨今天都只有一個聲音就是團結勝選,https://www.chinatimes.com/realtimenews/20151205002524-260401,12:452015/12/05,China Times
出任朱立倫競總主委 胡志強：想了5秒就答應,https://www.chinatimes.com/newspapers/20151205000047-260202,04:102015/12/05,China Times
朱立倫：台灣人民心聲 就是和平拚經濟,https://www.chinatimes.com/realtimenews/20151205003671-260407,19:322015/12/05,China Times
朱立倫為李乾龍站台,https://www.chinatimes.com/realtimenews/20151205002182-260407,11:112015/12/05,China Times
破冰 洪秀柱籲柱粉支持朱立倫,https://www.chinatimes.com/realtimenews/20151205002467-260407,12:282015/12/05,China Times
直播》朱立倫競選總部成立,https://www.chinatimes.com/realtimenews/20151205001984-260401,09:492015/12/05,China Times
總統大選辯論 朱立倫批：蔡只敢躲在三立後面,https://www.chinatimes.com/realtimenews/20151205002260-260407,11:192015/12/05,China Times
為蔡金晏站台 朱立倫：當選拚經濟,https://www.chinatimes.com/realtimenews/20151205003935-260407,21:342015/12/05,China Times
朱立倫競選總部成立 蕭萬長：不能讓某黨整碗端去,https://www.chinatimes.com/realtimenews/20151205002153-260401,10:462015/12/05,China Times
馬王落水先救誰？ 朱神回：請馬救王,,04:102015/12/05,China Times
柯P肯定胡志強 接主委扭轉戰場,https://www.chinatimes.com/newspapers/20151205000875-260301,04:102015/12/05,China Times
朱：兩岸政策正確 不會調整,,04:102015/12/05,China Times
打兩岸牌 馬英九呼籲：選一個支持九二共識的總統,https://www.chinatimes.com/realtimenews/20151205002481-260407,12:482015/12/05,China Times
胡當「工寮主任」拉高氣勢蓋大廈,https://www.chinatimes.com/newspapers/20151205000873-260301,04:102015/12/05,China Times
社論－國民黨逆轉勝還有最後一哩路,https://www.chinatimes.com/newspapers/20151205000395-260109,04:102015/12/05,China Times
旺報觀點－老胡淌渾水 為國民黨保香火,https://www.chinatimes.com/newspapers/20151205000877-260301,04:102015/12/05,China Times
時論─朱洪破冰下一步 真團結,https://www.chinatimes.com/newspapers/20151205000398-260109,04:102015/12/05,China Times
接「工寮主任」 胡志強5秒點頭,,04:102015/12/05,China Times
溺水要不要馬救!？王：我會狗爬式,https://www.chinatimes.com/realtimenews/20151205002180-260401,10:562015/12/05,China Times
蔡英文不參加青年論壇 朱：認為已經當選了,https://www.chinatimes.com/realtimenews/20151205003309-260407,17:152015/12/05,China Times
沒天王站台 盧秀燕：大家都是王牌,https://www.chinatimes.com/realtimenews/20151205002364-260407,11:582015/12/05,China Times
防抹黑 李乾龍公布土地資料,https://www.chinatimes.com/realtimenews/20151205002485-260407,12:332015/12/05,China Times
為親情 陳杰支持溫國銘 向林滄敏說抱歉,https://www.chinatimes.com/realtimenews/20151205003718-260407,19:482015/12/05,China Times
12月05日各報頭條要聞,https://www.chinatimes.com/realtimenews/20151205001276-260401,08:012015/12/05,China Times
朱立倫競選總部主委 胡志強出任,,04:102015/12/04,China Times
胡志強出任朱立倫競選總部主委,https://www.chinatimes.com/newspapers/20151204000045-260202,04:102015/12/04,China Times
不贊成選總統 朱立倫妻子仍這麼說,https://www.chinatimes.com/realtimenews/20151204003889-260407,15:172015/12/04,China Times
女人緣很好？ 朱立倫坦承不錯,https://www.chinatimes.com/realtimenews/20151204004002-260407,15:082015/12/04,China Times
朱立倫金門之友會成立 陳允火帶頭衝,https://www.chinatimes.com/realtimenews/20151204005273-260407,19:342015/12/04,China Times
不分區名單史上最爛 朱立倫：限量是殘酷的,https://www.chinatimes.com/realtimenews/20151204004174-260407,15:292015/12/04,China Times
《時報周刊》賢話政壇─朱立倫的分數,,17:252015/12/04,China Times
朱立倫：胡志強5秒鐘就答應擔任競總主委,https://www.chinatimes.com/realtimenews/20151204002534-260401,10:402015/12/04,China Times
馬王落水先救誰 朱立倫妙答笑翻全場,https://www.chinatimes.com/realtimenews/20151204003710-260401,14:152015/12/04,China Times
《時報周刊》任全國競總顧問團總團長 朱立倫密會洪秀柱成關鍵？,https://www.chinatimes.com/realtimenews/20151204002333-260407,09:582015/12/04,China Times
效法阿甘精神 朱立倫：他頭髮跟我一樣少,https://www.chinatimes.com/realtimenews/20151204003785-260407,14:512015/12/04,China Times
朱洪破冰 柱姐出任總部顧問團總團長,,04:102015/12/04,China Times
朱喊逆轉勝從花蓮開始 傅力挺,,04:102015/12/04,China Times
《御琳軍出招》朱今接受酸辣問,,04:102015/12/04,China Times
朱洪會交心 她不滿被抹紅,,04:102015/12/04,China Times
破冰 洪秀柱任朱競選顧問團長,https://www.chinatimes.com/newspapers/20151204000886-260301,04:102015/12/04,China Times
余騰芳出手 藍補足最後一塊拼圖,,04:102015/12/04,China Times
5秒鐘決接主委 胡志強：義無反顧,https://www.chinatimes.com/realtimenews/20151204002434-260401,10:162015/12/04,China Times
藍綠憲改不同調 恐難有進展,https://www.chinatimes.com/newspapers/20151204000888-260301,04:102015/12/04,China Times
胡志強：我當工寮主任保證會蓋出大廈,https://www.chinatimes.com/realtimenews/20151204002742-260407,11:042015/12/04,China Times
洪秀柱：朱認同一中同表 還我公道,https://www.chinatimes.com/realtimenews/20151204005230-260401,19:152015/12/04,China Times
換柱後 朱洪破冰再合體,,12:002015/12/04,China Times
朱立倫訪美全紀錄 傳達ONE TAIWAN理念,https://www.chinatimes.com/realtimenews/20151203002177-260407,09:202015/12/03,China Times
朱立倫花蓮造勢 花蓮縣長、婦團萬人相挺,https://www.chinatimes.com/realtimenews/20151203003918-260407,15:002015/12/03,China Times
朱立倫總部周六成立 洪秀柱婉拒出席,https://www.chinatimes.com/realtimenews/20151203003828-260401,14:512015/12/03,China Times
換柱後首度會面 朱立倫已進入洪秀柱官邸,https://www.chinatimes.com/realtimenews/20151203004913-260401,18:042015/12/03,China Times
祝朱當選 賴神舅：「下次來就是總統了」,,04:102015/12/03,China Times
競選架構底定 胡志強接任朱競選總部主委,https://www.chinatimes.com/realtimenews/20151203004416-260401,16:232015/12/03,China Times
柱諷朱：少爺好命 苦日子我幫他走了,,04:102015/12/03,China Times
接受沈玉琳專訪 朱：他很有趣 將迸出火花,https://www.chinatimes.com/realtimenews/20151203005444-260407,21:312015/12/03,China Times
朱洪破冰 洪秀柱出任競選總部顧問團總團長,https://www.chinatimes.com/realtimenews/20151203005284-260401,20:112015/12/03,China Times
朱立倫全國競總5日成立 4日開始交管,https://www.chinatimes.com/realtimenews/20151203004213-260407,16:012015/12/03,China Times
朱拋閣揆同意權 蔡英文：列入憲改議程處理,https://www.chinatimes.com/realtimenews/20151203002834-260407,11:292015/12/03,China Times
朱立倫提憲改主張 任命閣揆直接「信任投票」,https://www.chinatimes.com/realtimenews/20151202003661-260407,14:322015/12/02,China Times
亂改FB、LINE商標色 朱立倫官網又惹議,https://www.chinatimes.com/realtimenews/20151202001921-260407,08:432015/12/02,China Times
朱立倫提憲改 民進黨諷：憲改的三環三線,https://www.chinatimes.com/realtimenews/20151202003850-260407,15:322015/12/02,China Times
游錫堃PTT自介 套用朱立倫競選廣告,https://www.chinatimes.com/realtimenews/20151202002171-260407,09:232015/12/02,China Times
公布獻金？朱：過段時間再考慮,,04:102015/12/02,China Times
蔡營公布政治獻金 收入達4億,https://www.chinatimes.com/newspapers/20151202000907-260301,04:102015/12/02,China Times
中國人大學歷消失？王如玄：未辦認證,,04:102015/12/02,China Times
朱周六競總成立 柱姐：當天跑立委都來不及了,https://www.chinatimes.com/realtimenews/20151202002915-260401,11:472015/12/02,China Times
景為快評》蔡英文閃躲辯論 一石三鳥,https://www.chinatimes.com/realtimenews/20151202004857-260401,18:452015/12/02,China Times
朱立倫不排除營利機構投入長照,https://www.chinatimes.com/newspapers/20151201001161-260205,04:102015/12/01,China Times
朱立倫：與大陸合作 台灣就能超越韓國,https://www.chinatimes.com/realtimenews/20151201003338-260401,09:572015/12/01,China Times
遭質疑手伸進公共媒體 朱立倫駁斥,https://www.chinatimes.com/realtimenews/20151201005188-260407,16:222015/12/01,China Times
國民黨總統參選人朱立倫到汐止忠順廟參拜,https://www.chinatimes.com/realtimenews/20151201004516-260407,13:582015/12/01,China Times
選戰升溫 鄭寶清、楊麗環互控抹黑,https://www.chinatimes.com/newspapers/20151201001550-260107,04:102015/12/01,China Times
長照財源 民進黨主稅收制 國民黨推保險制,,04:102015/12/01,China Times
朱立倫：負面選戰 輸掉台灣,https://www.chinatimes.com/realtimenews/20151130004085-260407,17:022015/11/30,China Times
綜所稅扣除額擴大 朱立倫：符合民心需要,https://www.chinatimes.com/realtimenews/20151130005194-260407,23:362015/11/30,China Times
王如玄下午搬離宿舍 朱立倫：不是黨的安排,https://www.chinatimes.com/realtimenews/20151130002642-260401,11:252015/11/30,China Times
朱立倫提長照保險 民進黨批變相加稅,https://www.chinatimes.com/realtimenews/20151130003420-260407,14:412015/11/30,China Times
國民黨版長照雙法 朱立倫：可倍增就業機會,https://www.chinatimes.com/realtimenews/20151130002653-260407,11:322015/11/30,China Times
力挺王如玄 朱立倫：民進黨扭曲台灣選舉,https://www.chinatimes.com/realtimenews/20151130003534-260407,14:542015/11/30,China Times
朱批蔡：兩岸關係大倒退 才最大條,,04:102015/11/30,China Times
朱洪站台王不見后 「合體」等嘸人,https://www.chinatimes.com/newspapers/20151130000716-260301,04:102015/11/30,China Times
旺報觀點－朱洪早日大和解 團結藍營,https://www.chinatimes.com/newspapers/20151130000721-260301,04:102015/11/30,China Times
朱洪沒心結？藍委籲放下小我,https://www.chinatimes.com/newspapers/20151130000719-260301,04:102015/11/30,China Times
民進黨批朱立倫：技術性杯葛辯論舉行,https://www.chinatimes.com/realtimenews/20151130003670-260407,15:412015/11/30,China Times
藍綠拚輔選 柯P座談不站台,https://www.chinatimes.com/newspapers/20151130000423-260107,04:102015/11/30,China Times
藍營A咖南下 授戰旗拚輔選,https://www.chinatimes.com/newspapers/20151130000428-260107,04:102015/11/30,China Times
陳建仁：稅收制比保險制更符合民眾需要,https://www.chinatimes.com/realtimenews/20151130002484-260407,11:012015/11/30,China Times
《觀點》大位之爭 副手「翻轉」正手？,https://www.chinatimes.com/realtimenews/20151130001527-260401,07:582015/11/30,China Times
王掃街風格 神似朱立倫,,04:102015/11/29,China Times
朱立倫：4報1社、公視先辦辯論,https://www.chinatimes.com/newspapers/20151129000705-260302,04:102015/11/29,China Times
拉抬選情 朱立倫為蔣萬安站台,https://www.chinatimes.com/realtimenews/20151129001921-260407,12:572015/11/29,China Times
綠打負面選舉 朱立倫：即使勝選也傷台灣民主,https://www.chinatimes.com/realtimenews/20151129001885-260401,12:252015/11/29,China Times
鄭汝芬成立競選總部 朱立倫站台,https://www.chinatimes.com/realtimenews/20151129003089-260407,20:322015/11/29,China Times
朱立倫到新北為國民黨立委候選人江惠貞輔選,https://www.chinatimes.com/realtimenews/20151129001716-260407,11:402015/11/29,China Times
朱立倫盼洪秀柱多輔選 洪：不勞他吩咐,https://www.chinatimes.com/realtimenews/20151129002364-260407,15:222015/11/29,China Times
朱洪合體拉選情 洪：該這麼做,,04:102015/11/29,China Times
陸客來台朱蔡交鋒 朱痛批綠「逢中必反」,https://www.chinatimes.com/realtimenews/20151129002501-260407,16:232015/11/29,China Times
朱暗批「搶功」 小英回擊：不要流於政治口水,https://www.chinatimes.com/realtimenews/20151129001808-260407,12:002015/11/29,China Times
11月29日各報頭版要聞,https://www.chinatimes.com/realtimenews/20151129001020-260401,07:312015/11/29,China Times
朱立倫走廟 拜會宗教大老,https://www.chinatimes.com/newspapers/20151128000506-260107,04:102015/11/28,China Times
朱立倫旋風金門行 千名支持者高喊「凍蒜」,https://www.chinatimes.com/realtimenews/20151128003117-260401,15:282015/11/28,China Times
頂新無罪 朱立倫：支持上訴到底,https://www.chinatimes.com/realtimenews/20151128003416-260407,16:432015/11/28,China Times
綠營猛打軍宅 朱立倫：對台灣傷害,https://www.chinatimes.com/realtimenews/20151128003447-260407,16:392015/11/28,China Times
蔡習會欲成局 學者：先認九二共識,https://www.chinatimes.com/newspapers/20151128000907-260301,04:102015/11/28,China Times
國民黨婦女助選團啟動 安平市場拜票,https://www.chinatimes.com/realtimenews/20151128003809-260407,19:082015/11/28,China Times
3黨拚辯論 兩岸政策攻防開打,https://www.chinatimes.com/newspapers/20151128000897-260301,04:102015/11/28,China Times
星雲會朱立倫開示：塞翁失馬 焉知非福,https://www.chinatimes.com/realtimenews/20151127003957-260407,15:152015/11/27,China Times
朱立倫自比中華隊逆轉勝 選戰還未分勝負,https://www.chinatimes.com/realtimenews/20151127004971-260407,19:192015/11/27,China Times
高雄》朱立倫：當選後三項承諾,https://www.chinatimes.com/realtimenews/20151127005087-260407,20:182015/11/27,China Times
朱立倫參拜光德寺 住持讚朱接下重擔,https://www.chinatimes.com/realtimenews/20151127003260-260407,12:432015/11/27,China Times
朱立倫赴高雄光德寺拜會淨心長老,https://www.chinatimes.com/realtimenews/20151127003322-260407,12:512015/11/27,China Times
洪秀柱不選立委 朱立倫：她的心一切為國民黨,https://www.chinatimes.com/realtimenews/20151127004069-260407,15:342015/11/27,China Times
桃園副市長邱太三扯朱帶職 遭議員圍剿,,04:102015/11/27,China Times
嘉義拜票 朱：將和翁重鈞溝通,,04:102015/11/27,China Times
朱王高雄同台 為郭倫豪造勢,https://www.chinatimes.com/realtimenews/20151127005307-260407,21:222015/11/27,China Times
負面選戰當道 朱支持度首輸宋,https://www.chinatimes.com/newspapers/20151127000953-260301,04:102015/11/27,China Times
民調上周「黃金交叉」 藍委分析原因,https://www.chinatimes.com/newspapers/20151127000957-260301,04:102015/11/27,China Times
藍促辯論 學者：逼蔡英文在兩岸政策上現形,https://www.chinatimes.com/realtimenews/20151127003574-260407,13:592015/11/27,China Times
朱王晚間南下高雄 同台為黃柏霖造勢,https://www.chinatimes.com/realtimenews/20151127005335-260407,21:412015/11/27,China Times
關心毛孩子 朱立倫簽愛動物宣言,https://www.chinatimes.com/newspapers/20151126000566-260107,04:102015/11/26,China Times
婦佑雲林 朱立倫後援會成立,https://www.chinatimes.com/newspapers/20151126000654-260107,04:102015/11/26,China Times
存款暴增4000萬 朱：繼承母遺產,,04:102015/11/26,China Times
搓圓仔湯？朱立倫不起訴確定,https://www.chinatimes.com/newspapers/20151126000143-260205,04:102015/11/26,China Times
羅淑蕾砲打自家人 朱：不分區後遺症,https://www.chinatimes.com/realtimenews/20151126003042-260401,13:022015/11/26,China Times
王如玄深陷爭議 朱：瑕不掩瑜,https://www.chinatimes.com/realtimenews/20151126002796-260401,11:482015/11/26,China Times
王如玄公布財產 軍宅1間、礁溪有房,,04:102015/11/26,China Times
綠營搞負面選戰 朱：台灣民主很悲哀,https://www.chinatimes.com/realtimenews/20151126002347-260401,10:122015/11/26,China Times
朱玄配登記參選 憂「兩個台灣」,https://www.chinatimes.com/newspapers/20151126000949-260301,04:102015/11/26,China Times
朱玄配打鄉親牌 要嘉義人支持「家己人」,https://www.chinatimes.com/realtimenews/20151126004564-260407,18:422015/11/26,China Times
王如玄公布財產 礁溪有房,,12:002015/11/26,China Times
朱立倫：與反恐組織及國家團結抗恐,https://www.chinatimes.com/realtimenews/20151125004314-260407,17:122015/11/25,China Times
朱立倫：參與國際對抗恐怖主義,https://www.chinatimes.com/realtimenews/20151125003898-260407,16:012015/11/25,China Times
朱立倫南天宮參拜 主張兩岸一定要和平,https://www.chinatimes.com/realtimenews/20151125004419-260407,17:452015/11/25,China Times
存款為何暴增？朱立倫：繼承母親遺產,https://www.chinatimes.com/realtimenews/20151125003859-260407,15:532015/11/25,China Times
找回溫暖互信 朱立倫公布首支競選影片,https://www.chinatimes.com/realtimenews/20151125002863-260407,11:532015/11/25,China Times
王如玄軍舍爭議 朱立倫：綠營勿用負面選舉,https://www.chinatimes.com/realtimenews/20151125004667-260407,19:442015/11/25,China Times
朱立倫偕王如玄 登記參選正副總統,https://www.chinatimes.com/realtimenews/20151125002147-260407,09:552015/11/25,China Times
朱立倫身價破億 坐擁14筆土地、3筆建物,https://www.chinatimes.com/realtimenews/20151125002689-260401,11:162015/11/25,China Times
高檢駁回北檢再議 朱立倫換柱案不起訴確定,https://www.chinatimes.com/realtimenews/20151125002734-260402,11:482015/11/25,China Times
朱立倫替盧秀燕站台 一同簽署愛動物宣言,https://www.chinatimes.com/realtimenews/20151125004694-260407,19:182015/11/25,China Times
朱：不分區名單 較前兩屆毫不遜色,,04:102015/11/25,China Times
朱稱名單不遜上屆 學者質疑,https://www.chinatimes.com/newspapers/20151125000846-260301,04:102015/11/25,China Times
王如玄軍宅爭議 藍委質疑毀朱行動開跑,https://www.chinatimes.com/realtimenews/20151125003867-260407,16:182015/11/25,China Times
赴澎湖固票 朱立倫端海洋政策,https://www.chinatimes.com/newspapers/20151124000875-260301,04:102015/11/24,China Times
朱立倫：民進黨選舉時總是將兩岸關係切割,https://www.chinatimes.com/realtimenews/20151124002934-260407,11:452015/11/24,China Times
洪秀柱擬選立委？ 朱立倫：相信她會完整思考,https://www.chinatimes.com/realtimenews/20151124002616-260407,10:572015/11/24,China Times
國民黨黨慶 朱立倫向國父銅像致敬,https://www.chinatimes.com/realtimenews/20151124002127-260407,09:082015/11/24,China Times
